Modbus map,
SLAVE LINK 1             : TCP/IP socket  4,
===========================================,
,
PROTOCOL,
========,
MODBUS TCP SLAVE,
,
SLAVE NUMBER  1,
===============,
,
REGISTER DATA MAP,
=================,
Block number   1,
================,
,
07001 1B59H PT-12501-01               MODE             Float (MSB 1st)  0,47002
07003 1B5BH PT-12501-01               INUSE            Float (MSB 1st)  0.061095,47004
07005 1B5DH PT-12501-01               KEYPAD           Float (MSB 1st)  120.000000,47006
07007 1B5FH PT-12501-01               MEASURED         Float (MSB 1st)  0.061095,47008
07009 1B61H PT-12501-01               CURRENT          Float (MSB 1st)  4.001955,47010
07011 1B63H PT-12501-01               LOSCALE          Float (MSB 1st)  0.000000,47012
07013 1B65H PT-12501-01               HISCALE          Float (MSB 1st)  500.000000,47014
07015 1B67H PT-12501-01               HILIM            Float (MSB 1st)  200.000000,47016
07017 1B69H PT-12501-01               LOLIM            Float (MSB 1st)  60.000000,47018
07019 1B6BH DPT-12501-01              MODE             Float (MSB 1st)  0,47020
07021 1B6DH DPT-12501-01              INUSE            Float (MSB 1st)  0.133801,47022
07023 1B6FH DPT-12501-01              KEYPAD           Float (MSB 1st)  0.000000,47024
07025 1B71H DPT-12501-01              MEASURED         Float (MSB 1st)  0.133801,47026
07027 1B73H DPT-12501-01              CURRENT          Float (MSB 1st)  4.010704,47028
07029 1B75H DPT-12501-01              LOSCALE          Float (MSB 1st)  0.000000,47030
07031 1B77H DPT-12501-01              HISCALE          Float (MSB 1st)  200.000000,47032
07033 1B79H DPT-12501-01              HILIM            Float (MSB 1st)  200.000000,47034
07035 1B7BH DPT-12501-01              LOLIM            Float (MSB 1st)  -2.000000,47036
07037 1B7DH TT-12501-01               MODE             Float (MSB 1st)  0,47038
07039 1B7FH TT-12501-01               INUSE            Float (MSB 1st)  80.483338,47040
07041 1B81H TT-12501-01               KEYPAD           Float (MSB 1st)  82.000000,47042
07043 1B83H TT-12501-01               MEASURED         Float (MSB 1st)  80.483338,47044
07045 1B85H TT-12501-01               CURRENT          Float (MSB 1st)  12.584889,47046
07047 1B87H TT-12501-01               LOSCALE          Float (MSB 1st)  0.000000,47048
07049 1B89H TT-12501-01               HISCALE          Float (MSB 1st)  150.000000,47050
07051 1B8BH TT-12501-01               HILIM            Float (MSB 1st)  86.000000,47052
07053 1B8DH TT-12501-01               LOLIM            Float (MSB 1st)  75.000000,47054
07055 1B8FH PT-12501-04               MODE             Float (MSB 1st)  4,47056
07057 1B91H PT-12501-04               INUSE            Float (MSB 1st)  300.000000,47058
07059 1B93H PT-12501-04               KEYPAD           Float (MSB 1st)  300.000000,47060
07061 1B95H PT-12501-04               MEASURED         Float (MSB 1st)  -124.972715,47062
07063 1B97H PT-12501-04               CURRENT          Float (MSB 1st)  0.000873,47064
07065 1B99H PT-12501-04               LOSCALE          Float (MSB 1st)  0.000000,47066
07067 1B9BH PT-12501-04               HISCALE          Float (MSB 1st)  500.000000,47068
07069 1B9DH PT-12501-04               HILIM            Float (MSB 1st)  400.000000,47070
07071 1B9FH PT-12501-04               LOLIM            Float (MSB 1st)  60.000000,47072
07073 1BA1H PT-12501-05               MODE             Float (MSB 1st)  0,47074
07075 1BA3H PT-12501-05               INUSE            Float (MSB 1st)  -0.046499,47076
07077 1BA5H PT-12501-05               KEYPAD           Float (MSB 1st)  82.000000,47078
07079 1BA7H PT-12501-05               MEASURED         Float (MSB 1st)  -0.046499,47080
07081 1BA9H PT-12501-05               CURRENT          Float (MSB 1st)  3.998512,47082
07083 1BABH PT-12501-05               LOSCALE          Float (MSB 1st)  0.000000,47084
07085 1BADH PT-12501-05               HISCALE          Float (MSB 1st)  500.000000,47086
07087 1BAFH PT-12501-05               HILIM            Float (MSB 1st)  120.000000,47088
07089 1BB1H PT-12501-05               LOLIM            Float (MSB 1st)  50.000000,47090
07091 1BB3H PT-12501-02               MODE             Float (MSB 1st)  0,47092
07093 1BB5H PT-12501-02               INUSE            Float (MSB 1st)  0.061288,47094
07095 1BB7H PT-12501-02               KEYPAD           Float (MSB 1st)  120.000000,47096
07097 1BB9H PT-12501-02               MEASURED         Float (MSB 1st)  0.061288,47098
07099 1BBBH PT-12501-02               CURRENT          Float (MSB 1st)  4.001961,47100
07101 1BBDH PT-12501-02               LOSCALE          Float (MSB 1st)  0.000000,47102
07103 1BBFH PT-12501-02               HISCALE          Float (MSB 1st)  500.000000,47104
07105 1BC1H PT-12501-02               HILIM            Float (MSB 1st)  200.000000,47106
07107 1BC3H PT-12501-02               LOLIM            Float (MSB 1st)  60.000000,47108
07109 1BC5H DPT-12501-02              MODE             Float (MSB 1st)  0,47110
07111 1BC7H DPT-12501-02              INUSE            Float (MSB 1st)  0.227851,47112
07113 1BC9H DPT-12501-02              KEYPAD           Float (MSB 1st)  0.000000,47114
07115 1BCBH DPT-12501-02              MEASURED         Float (MSB 1st)  0.227851,47116
07117 1BCDH DPT-12501-02              CURRENT          Float (MSB 1st)  4.018228,47118
07119 1BCFH DPT-12501-02              LOSCALE          Float (MSB 1st)  0.000000,47120
07121 1BD1H DPT-12501-02              HISCALE          Float (MSB 1st)  200.000000,47122
07123 1BD3H DPT-12501-02              HILIM            Float (MSB 1st)  200.000000,47124
07125 1BD5H DPT-12501-02              LOLIM            Float (MSB 1st)  -2.000000,47126
07127 1BD7H STN01 CVOL FR             RAW              Float (MSB 1st)  0.000000,47128
07129 1BD9H STN01 CVOL FR             LOSCALE          Float (MSB 1st)  0.000000,47130
07131 1BDBH STN01 CVOL FR             HISCALE          Float (MSB 1st)  5000.000000,47132
07133 1BDDH STR01 CVOL FR             RAW              Float (MSB 1st)  0.000000,47134
07135 1BDFH STR01 CVOL FR             LOSCALE          Float (MSB 1st)  0.000000,47136
07137 1BE1H STR01 CVOL FR             HISCALE          Float (MSB 1st)  5000.000000,47138
07139 1BE3H STR02 CVOL FR             RAW              Float (MSB 1st)  0.000000,47140
07141 1BE5H STR02 CVOL FR             LOSCALE          Float (MSB 1st)  0.000000,47142
07143 1BE7H STR02 CVOL FR             HISCALE          Float (MSB 1st)  5000.000000,47144
07145 1BE9H STN01 FWD UVOL            TOTAL            Float (MSB 1st)  6.354200,47146
07147 1BEBH STN01 FWD CVOL            TOTAL            Float (MSB 1st)  6.130800,47148
07149 1BEDH STN01 FWD MASS            TOTAL            Float (MSB 1st)  0.305000,47150
07151 1BEFH STN01 FWD ENERGY          TOTAL            Float (MSB 1st)  6.488600,47152
07153 1BF1H STR01 FWD UVOL            TOTAL            Float (MSB 1st)  2.738400,47154
07155 1BF3H STR01 FWD CVOL            TOTAL            Float (MSB 1st)  2.641100,47156
07157 1BF5H STR01 FWD MASS            TOTAL            Float (MSB 1st)  0.131400,47158
07159 1BF7H STR01 FWD ENERGY          TOTAL            Float (MSB 1st)  2.795200,47160
07161 1BF9H STR02 FWD UVOL            TOTAL            Float (MSB 1st)  3.615800,47162
07163 1BFBH STR02 FWD CVOL            TOTAL            Float (MSB 1st)  3.489700,47164
07165 1BFDH STR02 FWD MASS            TOTAL            Float (MSB 1st)  0.173600,47166
07167 1BFFH STR02 FWD ENERGY          TOTAL            Float (MSB 1st)  3.693400,47168
07169 1C01H STN01 FWD UVOL HOURLY     PREVIOUS         Float (MSB 1st)  0.000000,47170
07171 1C03H STN01 FWD CVOL HOURLY     PREVIOUS         Float (MSB 1st)  0.000000,47172
07173 1C05H STN01 FWD MASS HOURLY     PREVIOUS         Float (MSB 1st)  0.000000,47174
07175 1C07H STN01 FWD ENERGY HOURLY   PREVIOUS         Float (MSB 1st)  0.000000,47176
07177 1C09H STR01 FWD UVOL HOURLY     PREVIOUS         Float (MSB 1st)  0.000000,47178
07179 1C0BH STR01 FWD CVOL HOURLY     PREVIOUS         Float (MSB 1st)  0.000000,47180
07181 1C0DH STR01 FWD MASS HOURLY     PREVIOUS         Float (MSB 1st)  0.000000,47182
07183 1C0FH STR01 FWD ENERGY HOURLY   PREVIOUS         Float (MSB 1st)  0.000000,47184
07185 1C11H STR02 FWD UVOL HOURLY     PREVIOUS         Float (MSB 1st)  0.000000,47186
07187 1C13H STR02 FWD CVOL HOURLY     PREVIOUS         Float (MSB 1st)  0.000000,47188
07189 1C15H STR02 FWD MASS HOURLY     PREVIOUS         Float (MSB 1st)  0.000000,47190
07191 1C17H STR02 FWD ENERGY HOURLY   PREVIOUS         Float (MSB 1st)  0.000000,47192
07193 1C19H STN01 FWD UVOL HOURLY     SNAPSHOT         Float (MSB 1st)  0.000000,47194
07195 1C1BH STN01 FWD CVOL HOURLY     SNAPSHOT         Float (MSB 1st)  0.000000,47196
07197 1C1DH STN01 FWD MASS HOURLY     SNAPSHOT         Float (MSB 1st)  0.000000,47198
07199 1C1FH STN01 FWD ENERGY HOURLY   SNAPSHOT         Float (MSB 1st)  0.000000,47200
07201 1C21H STR01 FWD UVOL HOURLY     SNAPSHOT         Float (MSB 1st)  0.000000,47202
07203 1C23H STR01 FWD CVOL HOURLY     SNAPSHOT         Float (MSB 1st)  0.000000,47204
07205 1C25H STR01 FWD MASS HOURLY     SNAPSHOT         Float (MSB 1st)  0.000000,47206
07207 1C27H STR01 FWD ENERGY HOURLY   SNAPSHOT         Float (MSB 1st)  0.000000,47208
07209 1C29H STR02 FWD UVOL HOURLY     SNAPSHOT         Float (MSB 1st)  0.000000,47210
07211 1C2BH STR02 FWD CVOL HOURLY     SNAPSHOT         Float (MSB 1st)  0.000000,47212
07213 1C2DH STR02 FWD MASS HOURLY     SNAPSHOT         Float (MSB 1st)  0.000000,47214
07215 1C2FH STR02 FWD ENERGY HOURLY   SNAPSHOT         Float (MSB 1st)  0.000000,47216
07217 1C31H STN01 FWD UVOL HOURLY     TOTAL            Float (MSB 1st)  6.354200,47218
07219 1C33H STN01 FWD CVOL HOURLY     TOTAL            Float (MSB 1st)  6.130800,47220
07221 1C35H STN01 FWD MASS HOURLY     TOTAL            Float (MSB 1st)  0.305000,47222
07223 1C37H STN01 FWD ENERGY HOURLY   TOTAL            Float (MSB 1st)  6.488600,47224
07225 1C39H STR01 FWD UVOL HOURLY     TOTAL            Float (MSB 1st)  2.738400,47226
07227 1C3BH STR01 FWD CVOL HOURLY     TOTAL            Float (MSB 1st)  2.641100,47228
07229 1C3DH STR01 FWD MASS HOURLY     TOTAL            Float (MSB 1st)  0.131400,47230
07231 1C3FH STR01 FWD ENERGY HOURLY   TOTAL            Float (MSB 1st)  2.795200,47232
07233 1C41H STR02 FWD UVOL HOURLY     TOTAL            Float (MSB 1st)  3.615800,47234
07235 1C43H STR02 FWD CVOL HOURLY     TOTAL            Float (MSB 1st)  3.489700,47236
07237 1C45H STR02 FWD MASS HOURLY     TOTAL            Float (MSB 1st)  0.173600,47238
07239 1C47H STR02 FWD ENERGY HOURLY   TOTAL            Float (MSB 1st)  3.693400,47240
07241 1C49H STN01 FWD UVOL DAILY      PREVIOUS         Float (MSB 1st)  0.000000,47242
07243 1C4BH STN01 FWD CVOL DAILY      PREVIOUS         Float (MSB 1st)  0.000000,47244
07245 1C4DH STN01 FWD MASS DAILY      PREVIOUS         Float (MSB 1st)  0.000000,47246
07247 1C4FH STN01 FWD ENERGY DAILY    PREVIOUS         Float (MSB 1st)  0.000000,47248
07249 1C51H STR01 FWD UVOL DAILY      PREVIOUS         Float (MSB 1st)  0.000000,47250
07251 1C53H STR01 FWD CVOL DAILY      PREVIOUS         Float (MSB 1st)  0.000000,47252
07253 1C55H STR01 FWD MASS DAILY      PREVIOUS         Float (MSB 1st)  0.000000,47254
07255 1C57H STR01 FWD ENERGY DAILY    PREVIOUS         Float (MSB 1st)  0.000000,47256
07257 1C59H STR02 FWD UVOL DAILY      PREVIOUS         Float (MSB 1st)  0.000000,47258
07259 1C5BH STR02 FWD CVOL DAILY      PREVIOUS         Float (MSB 1st)  0.000000,47260
07261 1C5DH STR02 FWD MASS DAILY      PREVIOUS         Float (MSB 1st)  0.000000,47262
07263 1C5FH STR02 FWD ENERGY DAILY    PREVIOUS         Float (MSB 1st)  0.000000,47264
07265 1C61H STN01 FWD UVOL DAILY      SNAPSHOT         Float (MSB 1st)  0.000000,47266
07267 1C63H STN01 FWD CVOL DAILY      SNAPSHOT         Float (MSB 1st)  0.000000,47268
07269 1C65H STN01 FWD MASS DAILY      SNAPSHOT         Float (MSB 1st)  0.000000,47270
07271 1C67H STN01 FWD ENERGY DAILY    SNAPSHOT         Float (MSB 1st)  0.000000,47272
07273 1C69H STR01 FWD UVOL DAILY      SNAPSHOT         Float (MSB 1st)  0.000000,47274
07275 1C6BH STR01 FWD CVOL DAILY      SNAPSHOT         Float (MSB 1st)  0.000000,47276
07277 1C6DH STR01 FWD MASS DAILY      SNAPSHOT         Float (MSB 1st)  0.000000,47278
07279 1C6FH STR01 FWD ENERGY DAILY    SNAPSHOT         Float (MSB 1st)  0.000000,47280
07281 1C71H STR02 FWD UVOL DAILY      SNAPSHOT         Float (MSB 1st)  0.000000,47282
07283 1C73H STR02 FWD CVOL DAILY      SNAPSHOT         Float (MSB 1st)  0.000000,47284
07285 1C75H STR02 FWD MASS DAILY      SNAPSHOT         Float (MSB 1st)  0.000000,47286
07287 1C77H STR02 FWD ENERGY DAILY    SNAPSHOT         Float (MSB 1st)  0.000000,47288
07289 1C79H STN01 FWD UVOL DAILY      TOTAL            Float (MSB 1st)  6.354200,47290
07291 1C7BH STN01 FWD CVOL DAILY      TOTAL            Float (MSB 1st)  6.130800,47292
07293 1C7DH STN01 FWD MASS DAILY      TOTAL            Float (MSB 1st)  0.305000,47294
07295 1C7FH STN01 FWD ENERGY DAILY    TOTAL            Float (MSB 1st)  6.488600,47296
07297 1C81H STR01 FWD UVOL DAILY      TOTAL            Float (MSB 1st)  2.738400,47298
07299 1C83H STR01 FWD CVOL DAILY      TOTAL            Float (MSB 1st)  2.641100,47300
07301 1C85H STR01 FWD MASS DAILY      TOTAL            Float (MSB 1st)  0.131400,47302
07303 1C87H STR01 FWD ENERGY DAILY    TOTAL            Float (MSB 1st)  2.795200,47304
07305 1C89H STR02 FWD UVOL DAILY      TOTAL            Float (MSB 1st)  3.615800,47306
07307 1C8BH STR02 FWD CVOL DAILY      TOTAL            Float (MSB 1st)  3.489700,47308
07309 1C8DH STR02 FWD MASS DAILY      TOTAL            Float (MSB 1st)  0.173600,47310
07311 1C8FH STR02 FWD ENERGY DAILY    TOTAL            Float (MSB 1st)  3.693400,47312
07313 1C91H STN01 FWD UVOL MONTHLY    PREVIOUS         Float (MSB 1st)  0.000000,47314
07315 1C93H STN01 FWD CVOL MONTHLY    PREVIOUS         Float (MSB 1st)  0.000000,47316
07317 1C95H STN01 FWD MASS MONTHLY    PREVIOUS         Float (MSB 1st)  0.000000,47318
07319 1C97H STN01 FWD ENERGY MONTHLY  PREVIOUS         Float (MSB 1st)  0.000000,47320
07321 1C99H STR01 FWD UVOL MONTHLY    PREVIOUS         Float (MSB 1st)  0.000000,47322
07323 1C9BH STR01 FWD CVOL MONTHLY    PREVIOUS         Float (MSB 1st)  0.000000,47324
07325 1C9DH STR01 FWD MASS MONTHLY    PREVIOUS         Float (MSB 1st)  0.000000,47326
07327 1C9FH STR01 FWD ENERGY MONTHLY  PREVIOUS         Float (MSB 1st)  0.000000,47328
07329 1CA1H STR02 FWD UVOL MONTHLY    PREVIOUS         Float (MSB 1st)  0.000000,47330
07331 1CA3H STR02 FWD CVOL MONTHLY    PREVIOUS         Float (MSB 1st)  0.000000,47332
07333 1CA5H STR02 FWD MASS MONTHLY    PREVIOUS         Float (MSB 1st)  0.000000,47334
07335 1CA7H STR02 FWD ENERGY MONTHLY  PREVIOUS         Float (MSB 1st)  0.000000,47336
07337 1CA9H STR02 FWD ENERGY MONTHLY  PREVIOUS         Float (MSB 1st)  0.000000,47338
07339 1CABH STN01 FWD UVOL MONTHLY    SNAPSHOT         Float (MSB 1st)  0.000000,47340
07341 1CADH STN01 FWD CVOL MONTHLY    SNAPSHOT         Float (MSB 1st)  0.000000,47342
07343 1CAFH STN01 FWD MASS MONTHLY    SNAPSHOT         Float (MSB 1st)  0.000000,47344
07345 1CB1H STN01 FWD ENERGY MONTHLY  SNAPSHOT         Float (MSB 1st)  0.000000,47346
07347 1CB3H STR01 FWD UVOL MONTHLY    SNAPSHOT         Float (MSB 1st)  0.000000,47348
07349 1CB5H STR01 FWD CVOL MONTHLY    SNAPSHOT         Float (MSB 1st)  0.000000,47350
07351 1CB7H STR01 FWD MASS MONTHLY    SNAPSHOT         Float (MSB 1st)  0.000000,47352
07353 1CB9H STR01 FWD ENERGY MONTHLY  SNAPSHOT         Float (MSB 1st)  0.000000,47354
07355 1CBBH STR02 FWD UVOL MONTHLY    SNAPSHOT         Float (MSB 1st)  0.000000,47356
07357 1CBDH STR02 FWD CVOL MONTHLY    SNAPSHOT         Float (MSB 1st)  0.000000,47358
07359 1CBFH STR02 FWD MASS MONTHLY    SNAPSHOT         Float (MSB 1st)  0.000000,47360
07361 1CC1H STR02 FWD ENERGY MONTHLY  SNAPSHOT         Float (MSB 1st)  0.000000,47362
07363 1CC3H STR02 FWD ENERGY MONTHLY  SNAPSHOT         Float (MSB 1st)  0.000000,47364
07365 1CC5H STN01 FWD UVOL MONTHLY    TOTAL            Float (MSB 1st)  6.354200,47366
07367 1CC7H STN01 FWD CVOL MONTHLY    TOTAL            Float (MSB 1st)  6.130800,47368
07369 1CC9H STN01 FWD MASS MONTHLY    TOTAL            Float (MSB 1st)  0.305000,47370
07371 1CCBH STN01 FWD ENERGY MONTHLY  TOTAL            Float (MSB 1st)  6.488600,47372
07373 1CCDH STR01 FWD UVOL MONTHLY    TOTAL            Float (MSB 1st)  2.738400,47374
07375 1CCFH STR01 FWD CVOL MONTHLY    TOTAL            Float (MSB 1st)  2.641100,47376
07377 1CD1H STR01 FWD MASS MONTHLY    TOTAL            Float (MSB 1st)  0.131400,47378
07379 1CD3H STR01 FWD ENERGY MONTHLY  TOTAL            Float (MSB 1st)  2.795200,47380
07381 1CD5H STR02 FWD UVOL MONTHLY    TOTAL            Float (MSB 1st)  3.615800,47382
07383 1CD7H STR02 FWD CVOL MONTHLY    TOTAL            Float (MSB 1st)  3.489700,47384
07385 1CD9H STR02 FWD MASS MONTHLY    TOTAL            Float (MSB 1st)  0.173600,47386
07387 1CDBH STR02 FWD ENERGY MONTHLY  TOTAL            Float (MSB 1st)  3.693400,47388
07389 1CDDH STR02 FWD ENERGY MONTHLY  TOTAL            Float (MSB 1st)  3.693400,47390
07391 1CDFH STN01 FWD UVOL MAINT      TOTAL            Float (MSB 1st)  0.000000,47392
07393 1CE1H STN01 FWD CVOL MAINT      TOTAL            Float (MSB 1st)  0.000000,47394
07395 1CE3H STN01 FWD MASS MAINT      TOTAL            Float (MSB 1st)  0.000000,47396
07397 1CE5H STN01 FWD ENERGY MAINT    TOTAL            Float (MSB 1st)  0.000000,47398
07399 1CE7H STR01 FWD UVOL MAINT      TOTAL            Float (MSB 1st)  0.000000,47400
07401 1CE9H STR01 FWD CVOL MAINT      TOTAL            Float (MSB 1st)  0.000000,47402
07403 1CEBH STR01 FWD MASS MAINT      TOTAL            Float (MSB 1st)  0.000000,47404
07405 1CEDH STR01 FWD ENERGY MAINT    TOTAL            Float (MSB 1st)  0.000000,47406
07407 1CEFH STR02 FWD UVOL MAINT      TOTAL            Float (MSB 1st)  0.000000,47408
07409 1CF1H STR02 FWD CVOL MAINT      TOTAL            Float (MSB 1st)  0.000000,47410
07411 1CF3H STR02 FWD MASS MAINT      TOTAL            Float (MSB 1st)  0.000000,47412
07413 1CF5H STR02 FWD ENERGY MAINT    TOTAL            Float (MSB 1st)  0.000000,47414
07415 1CF7H STN01 MASS FR             INUSE            Float (MSB 1st)  0.000000,47416
07417 1CF9H STN01 UVOL FR             INUSE            Float (MSB 1st)  0.000000,47418
07419 1CFBH STN01 CVOL FR             INUSE            Float (MSB 1st)  0.000000,47420
07421 1CFDH STN01 ENERGY FR           INUSE            Float (MSB 1st)  0.000000,47422
07423 1CFFH STR01 MASS FR             INUSE            Float (MSB 1st)  0.000000,47424
07425 1D01H STR01 UVOL FR             INUSE            Float (MSB 1st)  0.000000,47426
07427 1D03H STR01 CVOL FR             INUSE            Float (MSB 1st)  0.000000,47428
07429 1D05H STR01 ENERGY FR           INUSE            Float (MSB 1st)  0.000000,47430
07431 1D07H STR02 MASS FR             INUSE            Float (MSB 1st)  0.000000,47432
07433 1D09H STR02 UVOL FR             INUSE            Float (MSB 1st)  0.000000,47434
07435 1D0BH STR02 CVOL FR             INUSE            Float (MSB 1st)  0.000000,47436
07437 1D0DH STR02 ENERGY FR           INUSE            Float (MSB 1st)  0.000000,47438
07439 1D0FH STN01 CVOL FR             HILIM            Float (MSB 1st)  720.000000,47440
07441 1D11H STN01 CVOL FR             LOLIM            Float (MSB 1st)  -4.800000,47442
07443 1D13H STR01 CVOL FR             HILIM            Float (MSB 1st)  3700.000000,47444
07445 1D15H STR01 CVOL FR             LOLIM            Float (MSB 1st)  -4.800000,47446
07447 1D17H STR02 CVOL FR             HILIM            Float (MSB 1st)  3700.000000,47448
07449 1D19H STR02 CVOL FR             LOLIM            Float (MSB 1st)  -4.800000,47450
07451 1D1BH STR01 BASE DENS           INUSE            Float (MSB 1st)  0.049758,47452
07453 1D1DH STR01 REAL RD (SG)        INUSE            Float (MSB 1st)  0.000000,47454
07455 1D1FH STR01 UPSTR COMP(Zf)      INUSE            Float (MSB 1st)  0.997770,47456
07457 1D21H STR01 BASE COMP(Zb)       INUSE            Float (MSB 1st)  0.997460,47458
07459 1D23H STR01 REAL CV             INUSE            Float (MSB 1st)  1058.365671,47460
07461 1D25H STR01 ISENTROPIC EXP      INUSE            Float (MSB 1st)  1.300000,47462
07463 1D27H STR01 VISCOSITY           INUSE            Float (MSB 1st)  0.010268,47464
07465 1D29H STR01 WOBBE INDEX         INUSE            Float (MSB 1st)  1316.391297,47466
07467 1D2BH STR01 UPSTR DENS          INUSE            Float (MSB 1st)  0.048064,47468
07469 1D2DH STR01 UPSTR PRESS         INUSE            Float (MSB 1st)  0.064015,47470
07471 1D2FH STR02 BASE DENS           INUSE            Float (MSB 1st)  0.049758,47472
07473 1D31H STR02 REAL RD (SG)        INUSE            Float (MSB 1st)  0.000000,47474
07475 1D33H STR02 UPSTR COMP(Zf)      INUSE            Float (MSB 1st)  0.997771,47476
07477 1D35H STR02 BASE COMP(Zb)       INUSE            Float (MSB 1st)  0.997460,47478
07479 1D37H STR02 REAL CV             INUSE            Float (MSB 1st)  1058.365671,47480
07481 1D39H STR02 ISENTROPIC EXP      INUSE            Float (MSB 1st)  1.300000,47482
07483 1D3BH STR02 VISCOSITY           INUSE            Float (MSB 1st)  0.010268,47484
07485 1D3DH STR02 WOBBE INDEX         INUSE            Float (MSB 1st)  1316.391297,47486
07487 1D3FH STR02 UPSTR DENS          INUSE            Float (MSB 1st)  0.048044,47488
07489 1D41H STR02 UPSTR PRESS         INUSE            Float (MSB 1st)  0.057578,47490
07491 1D43H STR01 BASE TEMP(Tb)       VALUE            Float (MSB 1st)  60.000000,47492
07493 1D45H AtmP@Base (bara/psia)     VALUE            Float (MSB 1st)  14.730000,47494
07495 1D47H STR01 PIPE CAL DIAM       VALUE            Float (MSB 1st)  4.000000,47496
07497 1D49H STR01 ORIF CAL DIAM       VALUE            Float (MSB 1st)  2.000000,47498
07499 1D4BH STR01 LOW FLOW CO         VALUE            Float (MSB 1st)  0.200000,47500
07501 1D4DH STR01 PIPE CAL TEMP       VALUE            Float (MSB 1st)  68.000000,47502
07503 1D4FH STR01 PIPE TEMP EXP       VALUE            Float (MSB 1st)  0.000006,47504
07505 1D51H STR01 ORIF CAL TEMP       VALUE            Float (MSB 1st)  68.000000,47506
07507 1D53H STR01 ORIF EXP CONST      VALUE            Float (MSB 1st)  0.000009,47508
07509 1D55H STR01 VISCOSITY (Tn)      VALUE            Float (MSB 1st)  59.000000,47510
07511 1D57H STR02 BASE TEMP(Tb)       VALUE            Float (MSB 1st)  60.000000,47512
07513 1D59H AtmP@Base (bara/psia)     VALUE            Float (MSB 1st)  14.730000,47514
07515 1D5BH STR02 PIPE CAL DIAM       VALUE            Float (MSB 1st)  4.000000,47516
07517 1D5DH STR02 ORIF CAL DIAM       VALUE            Float (MSB 1st)  2.000000,47518
07519 1D5FH STR02 LOW FLOW CO         VALUE            Float (MSB 1st)  0.200000,47520
07521 1D61H STR02 PIPE CAL TEMP       VALUE            Float (MSB 1st)  68.000000,47522
07523 1D63H STR02 PIPE TEMP EXP       VALUE            Float (MSB 1st)  0.000006,47524
07525 1D65H STR02 ORIF CAL TEMP       VALUE            Float (MSB 1st)  68.000000,47526
07527 1D67H STR02 ORIF EXP CONST      VALUE            Float (MSB 1st)  0.000009,47528
07529 1D69H STR02 VISCOSITY (Tn)      VALUE            Float (MSB 1st)  59.000000,47530
07531 1D6BH STN01 CHR  SETS           VALUE            Float (MSB 1st)  1,47532
07533 1D6DH STN01 MOLE SELECT         OUTPUT           Float (MSB 1st)  0,47534
07535 1D6FH STN01 MOLE SELECT         INPUT            Float (MSB 1st)  0,47536
07537 1D71H STN01 CHR SLCT MOLES      NITROGEN         Float (MSB 1st)  0.396900,47538
07539 1D73H STN01 CHR SLCT MOLES      CO2              Float (MSB 1st)  3.897900,47540
07541 1D75H STN01 CHR SLCT MOLES      H2S              Float (MSB 1st)  0.000000,47542
07543 1D77H STN01 CHR SLCT MOLES      H2O              Float (MSB 1st)  0.000000,47544
07545 1D79H STN01 CHR SLCT MOLES      METHANE          Float (MSB 1st)  88.771000,47546
07547 1D7BH STN01 CHR SLCT MOLES      ETHANE           Float (MSB 1st)  3.957300,47548
07549 1D7DH STN01 CHR SLCT MOLES      PROPANE          Float (MSB 1st)  1.904500,47550
07551 1D7FH STN01 CHR SLCT MOLES      N_BUTANE         Float (MSB 1st)  0.389100,47552
07553 1D81H STN01 CHR SLCT MOLES      I_BUTANE         Float (MSB 1st)  0.320100,47554
07555 1D83H STN01 CHR SLCT MOLES      N_PENTANE        Float (MSB 1st)  0.089100,47556
07557 1D85H STN01 CHR SLCT MOLES      I_PENTANE        Float (MSB 1st)  0.139500,47558
07559 1D87H STN01 CHR SLCT MOLES      HEXANE           Float (MSB 1st)  0.134600,47560
07561 1D89H STN01 CHR SLCT MOLES      TOTAL            Float (MSB 1st)  100.000000,47562
07563 1D8BH STN01 CHR RAW MOLES       C6 PLUS          Float (MSB 1st)  0.000000,47564
07565 1D8DH STN01 CHR RAW MOLES       PROPANE          Float (MSB 1st)  0.000000,47566
07567 1D8FH STN01 CHR RAW MOLES       iBUTANE          Float (MSB 1st)  0.000000,47568
07569 1D91H STN01 CHR RAW MOLES       nBUTANE          Float (MSB 1st)  0.000000,47570
07571 1D93H STN01 CHR RAW MOLES       iPENTANE         Float (MSB 1st)  0.000000,47572
07573 1D95H STN01 CHR RAW MOLES       nPENTANE         Float (MSB 1st)  0.000000,47574
07575 1D97H STN01 CHR RAW MOLES       NITROGEN         Float (MSB 1st)  0.000000,47576
07577 1D99H STN01 CHR RAW MOLES       METHANE          Float (MSB 1st)  0.000000,47578
07579 1D9BH STN01 CHR RAW MOLES       CO2              Float (MSB 1st)  0.000000,47580
07581 1D9DH STN01 CHR RAW MOLES       ETHANE           Float (MSB 1st)  0.000000,47582
07583 1D9FH STN01 CHR RAW MISC        BTU DRY          Float (MSB 1st)  0.000000,47584
07585 1DA1H STN01 CHR RAW MISC        BTU SAT          Float (MSB 1st)  0.000000,47586
07587 1DA3H STN01 CHR RAW MISC        SG               Float (MSB 1st)  0.000000,47588
07589 1DA5H STN01 CHR RAW MISC        COMPRESSIBILITY  Float (MSB 1st)  0.000000,47590
07591 1DA7H STN01 CHR RAW MISC        WOBBE INDEX      Float (MSB 1st)  0.000000,47592
07593 1DA9H STN01 CHR RAW MISC        TOTAL UNNORM     Float (MSB 1st)  0.000000,47594
07595 1DABH STN01 CHR RAW MISC        MOLAR MAS        Float (MSB 1st)  0.000000,47596
07597 1DADH STN01 KEYPAD  MOLES       NITROGEN         Float (MSB 1st)  0.396900,47598
07599 1DAFH STN01 KEYPAD  MOLES       CO2              Float (MSB 1st)  3.897900,47600
07601 1DB1H STN01 KEYPAD  MOLES       H2S              Float (MSB 1st)  0.000000,47602
07603 1DB3H STN01 KEYPAD  MOLES       H2O              Float (MSB 1st)  0.000000,47604
07605 1DB5H STN01 KEYPAD  MOLES       METHANE          Float (MSB 1st)  88.771000,47606
07607 1DB7H STN01 KEYPAD  MOLES       ETHANE           Float (MSB 1st)  3.957300,47608
07609 1DB9H STN01 KEYPAD  MOLES       PROPANE          Float (MSB 1st)  1.904500,47610
07611 1DBBH STN01 KEYPAD  MOLES       N_BUTANE         Float (MSB 1st)  0.389100,47612
07613 1DBDH STN01 KEYPAD  MOLES       I_BUTANE         Float (MSB 1st)  0.320100,47614
07615 1DBFH STN01 KEYPAD  MOLES       N_PENTANE        Float (MSB 1st)  0.089100,47616
07617 1DC1H STN01 KEYPAD  MOLES       I_PENTANE        Float (MSB 1st)  0.139500,47618
07619 1DC3H STN01 KEYPAD  MOLES       HEXANE           Float (MSB 1st)  0.134600,47620
07621 1DC5H STN01 KEYPAD  MOLES       TOTAL            Float (MSB 1st)  100.000000,47622
07623 1DC7H STN01 CHR K_ACCEPT        VALUE            Float (MSB 1st)  0,47624
07625 1DC9H STN01 GC INT 9026         RUN TIME         Float (MSB 1st)  0,47626
07627 1DCBH STN01 GC INT 9026         CURRENT STREAM   Float (MSB 1st)  0,47628
07629 1DCDH STN01 GC INT 9026         GC MODE          Float (MSB 1st)  0,47630
07631 1DCFH STN01 GC INT 9026         CALIBRATING      Float (MSB 1st)  0,47632
07633 1DD1H STN01 GC INT 9026         ACTIVE ALM       Float (MSB 1st)  0,47634
07635 1DD3H STN01 GC INT 9026         UNACK ALARM      Float (MSB 1st)  0,47636
07637 1DD5H STR01 MAINT MODE          VALUE            Float (MSB 1st)  0,47638
07639 1DD7H STR01 STATUS              VALUE            Float (MSB 1st)  2,47640
07641 1DD9H STR02 MAINT MODE          VALUE            Float (MSB 1st)  0,47642
07643 1DDBH STR02 STATUS              VALUE            Float (MSB 1st)  2,47644
07645 1DDDH STR01 PREV PRESS          HOURLY IK        Float (MSB 1st)  0.000000,47646
07647 1DDFH STR01 PREV TEMP           HOURLY IK        Float (MSB 1st)  0.000000,47648
07649 1DE1H STR01 PREV DPT            HOURLY IK        Float (MSB 1st)  0.000000,47650
07651 1DE3H STR01 PREV GHV            HOURLY IK        Float (MSB 1st)  0.000000,47652
07653 1DE5H STR01 PREV UVOL FR        HOURLY IK        Float (MSB 1st)  0.000000,47654
07655 1DE7H STR01 PREV CVOL FR        HOURLY IK        Float (MSB 1st)  0.000000,47656
07657 1DE9H STR01 PREV ENERGY FR      HOURLY IK        Float (MSB 1st)  0.000000,47658
07659 1DEBH STR01 PREV WOBBEINDEX     HOURLY IK        Float (MSB 1st)  0.000000,47660
07661 1DEDH STR01 PREV BASE DENS      HOURLY IK        Float (MSB 1st)  0.000000,47662
07663 1DEFH STR01 PREV LINE DENS      HOURLY IK        Float (MSB 1st)  0.000000,47664
07665 1DF1H STR01 PREV BASE COMP      HOURLY IK        Float (MSB 1st)  0.000000,47666
07667 1DF3H STR01 PREV LINE COMP      HOURLY IK        Float (MSB 1st)  0.000000,47668
07669 1DF5H STR01 PREV SG             HOURLY IK        Float (MSB 1st)  0.000000,47670
07671 1DF7H STR01 PREV PRESS          DAILY IK         Float (MSB 1st)  0.000000,47672
07673 1DF9H STR01 PREV TEMP           DAILY IK         Float (MSB 1st)  0.000000,47674
07675 1DFBH STR01 PREV DPT            DAILY IK         Float (MSB 1st)  0.000000,47676
07677 1DFDH STR01 PREV GHV            DAILY IK         Float (MSB 1st)  0.000000,47678
07679 1DFFH STR01 PREV UVOL FR        DAILY IK         Float (MSB 1st)  0.000000,47680
07681 1E01H STR01 PREV CVOL FR        DAILY IK         Float (MSB 1st)  0.000000,47682
07683 1E03H STR01 PREV ENERGY FR      DAILY IK         Float (MSB 1st)  0.000000,47684
07685 1E05H STR01 PREV WOBBEINDEX     DAILY IK         Float (MSB 1st)  0.000000,47686
07687 1E07H STR01 PREV BASE DENS      DAILY IK         Float (MSB 1st)  0.000000,47688
07689 1E09H STR01 PREV LINE DENS      DAILY IK         Float (MSB 1st)  0.000000,47690
07691 1E0BH STR01 PREV BASE COMP      DAILY IK         Float (MSB 1st)  0.000000,47692
07693 1E0DH STR01 PREV LINE COMP      DAILY IK         Float (MSB 1st)  0.000000,47694
07695 1E0FH STR01 PREV SG             DAILY IK         Float (MSB 1st)  0.000000,47696
07697 1E11H STR01 PREV PRESS          MONTHLY IK       Float (MSB 1st)  0.000000,47698
07699 1E13H STR01 PREV TEMP           MONTHLY IK       Float (MSB 1st)  0.000000,47700
07701 1E15H STR01 PREV DPT            MONTHLY IK       Float (MSB 1st)  0.000000,47702
07703 1E17H STR01 PREV GHV            MONTHLY IK       Float (MSB 1st)  0.000000,47704
07705 1E19H STR01 PREV UVOL FR        MONTHLY IK       Float (MSB 1st)  0.000000,47706
07707 1E1BH STR01 PREV CVOL FR        MONTHLY IK       Float (MSB 1st)  0.000000,47708
07709 1E1DH STR01 PREV ENERGY FR      MONTHLY IK       Float (MSB 1st)  0.000000,47710
07711 1E1FH STR01 PREV WOBBEINDEX     MONTHLY IK       Float (MSB 1st)  0.000000,47712
07713 1E21H STR01 PREV BASE DENS      MONTHLY IK       Float (MSB 1st)  0.000000,47714
07715 1E23H STR01 PREV LINE DENS      MONTHLY IK       Float (MSB 1st)  0.000000,47716
07717 1E25H STR01 PREV BASE COMP      MONTHLY IK       Float (MSB 1st)  0.000000,47718
07719 1E27H STR01 PREV LINE COMP      MONTHLY IK       Float (MSB 1st)  0.000000,47720
07721 1E29H STR01 PREV SG             MONTHLY IK       Float (MSB 1st)  0.000000,47722
07723 1E2BH STR02 PREV PRESS          HOURLY IK        Float (MSB 1st)  0.000000,47724
07725 1E2DH STR02 PREV TEMP           HOURLY IK        Float (MSB 1st)  0.000000,47726
07727 1E2FH STR02 PREV DPT            HOURLY IK        Float (MSB 1st)  0.000000,47728
07729 1E31H STR02 PREV GHV            HOURLY IK        Float (MSB 1st)  0.000000,47730
07731 1E33H STR02 PREV UVOL FR        HOURLY IK        Float (MSB 1st)  0.000000,47732
07733 1E35H STR02 PREV CVOL FR        HOURLY IK        Float (MSB 1st)  0.000000,47734
07735 1E37H STR02 PREV ENERGY FR      HOURLY IK        Float (MSB 1st)  0.000000,47736
07737 1E39H STR02 PREV WOBBEINDEX     HOURLY IK        Float (MSB 1st)  0.000000,47738
07739 1E3BH STR02 PREV BASE DENS      HOURLY IK        Float (MSB 1st)  0.000000,47740
07741 1E3DH STR02 PREV LINE DENS      HOURLY IK        Float (MSB 1st)  0.000000,47742
07743 1E3FH STR02 PREV BASE COMP      HOURLY IK        Float (MSB 1st)  0.000000,47744
07745 1E41H STR02 PREV LINE COMP      HOURLY IK        Float (MSB 1st)  0.000000,47746
07747 1E43H STR02 PREV SG             HOURLY IK        Float (MSB 1st)  0.000000,47748
07749 1E45H STR02 PREV PRESS          DAILY IK         Float (MSB 1st)  0.000000,47750
07751 1E47H STR02 PREV TEMP           DAILY IK         Float (MSB 1st)  0.000000,47752
07753 1E49H STR02 PREV DPT            DAILY IK         Float (MSB 1st)  0.000000,47754
07755 1E4BH STR02 PREV GHV            DAILY IK         Float (MSB 1st)  0.000000,47756
07757 1E4DH STR02 PREV UVOL FR        DAILY IK         Float (MSB 1st)  0.000000,47758
07759 1E4FH STR02 PREV CVOL FR        DAILY IK         Float (MSB 1st)  0.000000,47760
07761 1E51H STR02 PREV ENERGY FR      DAILY IK         Float (MSB 1st)  0.000000,47762
07763 1E53H STR02 PREV WOBBEINDEX     DAILY IK         Float (MSB 1st)  0.000000,47764
07765 1E55H STR02 PREV BASE DENS      DAILY IK         Float (MSB 1st)  0.000000,47766
07767 1E57H STR02 PREV LINE DENS      DAILY IK         Float (MSB 1st)  0.000000,47768
07769 1E59H STR02 PREV BASE COMP      DAILY IK         Float (MSB 1st)  0.000000,47770
07771 1E5BH STR02 PREV LINE COMP      DAILY IK         Float (MSB 1st)  0.000000,47772
07773 1E5DH STR02 PREV SG             DAILY IK         Float (MSB 1st)  0.000000,47774
07775 1E5FH STR02 PREV PRESS          MONTHLY IK       Float (MSB 1st)  0.000000,47776
07777 1E61H STR02 PREV TEMP           MONTHLY IK       Float (MSB 1st)  0.000000,47778
07779 1E63H STR02 PREV DPT            MONTHLY IK       Float (MSB 1st)  0.000000,47780
07781 1E65H STR02 PREV GHV            MONTHLY IK       Float (MSB 1st)  0.000000,47782
07783 1E67H STR02 PREV UVOL FR        MONTHLY IK       Float (MSB 1st)  0.000000,47784
07785 1E69H STR02 PREV CVOL FR        MONTHLY IK       Float (MSB 1st)  0.000000,47786
07787 1E6BH STR02 PREV ENERGY FR      MONTHLY IK       Float (MSB 1st)  0.000000,47788
07789 1E6DH STR02 PREV WOBBEINDEX     MONTHLY IK       Float (MSB 1st)  0.000000,47790
07791 1E6FH STR02 PREV BASE DENS      MONTHLY IK       Float (MSB 1st)  0.000000,47792
07793 1E71H STR02 PREV LINE DENS      MONTHLY IK       Float (MSB 1st)  0.000000,47794
07795 1E73H STR02 PREV BASE COMP      MONTHLY IK       Float (MSB 1st)  0.000000,47796
07797 1E75H STR02 PREV LINE COMP      MONTHLY IK       Float (MSB 1st)  0.000000,47798
07799 1E77H STR02 PREV SG             MONTHLY IK       Float (MSB 1st)  0.000000,47800
07801 1E79H STR01 GCFWA HOURLY        NITROGEN         Float (MSB 1st)  0.000000,47802
07803 1E7BH STR01 GCFWA HOURLY        CO2              Float (MSB 1st)  0.000000,47804
07805 1E7DH STR01 GCFWA HOURLY        METHANE          Float (MSB 1st)  0.000000,47806
07807 1E7FH STR01 GCFWA HOURLY        ETHANE           Float (MSB 1st)  0.000000,47808
07809 1E81H STR01 GCFWA HOURLY        PROPANE          Float (MSB 1st)  0.000000,47810
07811 1E83H STR01 GCFWA HOURLY        N_BUTANE         Float (MSB 1st)  0.000000,47812
07813 1E85H STR01 GCFWA HOURLY        I_BUTANE         Float (MSB 1st)  0.000000,47814
07815 1E87H STR01 GCFWA HOURLY        N_PENTANE        Float (MSB 1st)  0.000000,47816
07817 1E89H STR01 GCFWA HOURLY        I_PENTANE        Float (MSB 1st)  0.000000,47818
07819 1E8BH STR01 GCFWA HOURLY        HEXANE           Float (MSB 1st)  0.000000,47820
07821 1E8DH STR01 GCFWA HOURLY        TOTAL            Float (MSB 1st)  0.000000,47822
07823 1E8FH STR02 GCFWA DAILY         NITROGEN         Float (MSB 1st)  0.000000,47824
07825 1E91H STR02 GCFWA DAILY         CO2              Float (MSB 1st)  0.000000,47826
07827 1E93H STR02 GCFWA DAILY         METHANE          Float (MSB 1st)  0.000000,47828
07829 1E95H STR02 GCFWA DAILY         ETHANE           Float (MSB 1st)  0.000000,47830
07831 1E97H STR02 GCFWA DAILY         PROPANE          Float (MSB 1st)  0.000000,47832
07833 1E99H STR02 GCFWA DAILY         N_BUTANE         Float (MSB 1st)  0.000000,47834
07835 1E9BH STR02 GCFWA DAILY         I_BUTANE         Float (MSB 1st)  0.000000,47836
07837 1E9DH STR02 GCFWA DAILY         N_PENTANE        Float (MSB 1st)  0.000000,47838
07839 1E9FH STR02 GCFWA DAILY         I_PENTANE        Float (MSB 1st)  0.000000,47840
07841 1EA1H STR02 GCFWA DAILY         HEXANE           Float (MSB 1st)  0.000000,47842
07843 1EA3H STR02 GCFWA DAILY         TOTAL            Float (MSB 1st)  0.000000,47844
07845 1EA5H STR02 GCFWA MONTHLY       NITROGEN         Float (MSB 1st)  0.000000,47846
07847 1EA7H STR02 GCFWA MONTHLY       CO2              Float (MSB 1st)  0.000000,47848
07849 1EA9H STR02 GCFWA MONTHLY       METHANE          Float (MSB 1st)  0.000000,47850
07851 1EABH STR02 GCFWA MONTHLY       ETHANE           Float (MSB 1st)  0.000000,47852
07853 1EADH STR02 GCFWA MONTHLY       PROPANE          Float (MSB 1st)  0.000000,47854
07855 1EAFH STR02 GCFWA MONTHLY       N_BUTANE         Float (MSB 1st)  0.000000,47856
07857 1EB1H STR02 GCFWA MONTHLY       I_BUTANE         Float (MSB 1st)  0.000000,47858
07859 1EB3H STR02 GCFWA MONTHLY       N_PENTANE        Float (MSB 1st)  0.000000,47860
07861 1EB5H STR02 GCFWA MONTHLY       I_PENTANE        Float (MSB 1st)  0.000000,47862
07863 1EB7H STR02 GCFWA MONTHLY       HEXANE           Float (MSB 1st)  0.000000,47864
07865 1EB9H STR02 GCFWA MONTHLY       TOTAL            Float (MSB 1st)  0.000000,47866
07867 1EBBH TIME AND DATE             CUR.YEAR         Float (MSB 1st)  2009,47868
07869 1EBDH TIME AND DATE             CUR.MONTH        Float (MSB 1st)  11,47870
07871 1EBFH TIME AND DATE             CUR.DAY          Float (MSB 1st)  9,47872
07873 1EC1H TIME AND DATE             CUR.HOUR         Float (MSB 1st)  21,47874
07875 1EC3H TIME AND DATE             CUR.MINUTE       Float (MSB 1st)  53,47876
07877 1EC5H TIME AND DATE             CUR.SECOND       Float (MSB 1st)  15,47878
07879 1EC7H TIME AND DATE             DLOAD YEAR       Float (MSB 1st)  0,47880
07881 1EC9H TIME AND DATE             DLOAD MONTH      Float (MSB 1st)  0,47882
07883 1ECBH TIME AND DATE             DLOAD DAY        Float (MSB 1st)  0,47884
07885 1ECDH TIME AND DATE             DLOAD HOUR       Float (MSB 1st)  0,47886
07887 1ECFH TIME AND DATE             DLOAD MINUTE     Float (MSB 1st)  0,47888
07889 1ED1H TIME AND DATE             DLOAD SECOND     Float (MSB 1st)  0,47890
07891 1ED3H DLOAD TIME ACCEPT         VALUE            Float (MSB 1st)  0,47892
07893 1ED5H SYS PEER STAT             OUTPUT           Float (MSB 1st)  0,47894
07895 1ED7H SYS PEER STAT             INPUT            Float (MSB 1st)  3,47896
07897 1ED9H STN01 GC INT 9026         RUN TIME         Float (MSB 1st)  0,47898
07899 1EDBH STN01 GC INT 9026         CURRENT STREAM   Float (MSB 1st)  0,47900
07901 1EDDH STN01 GC INT 9026         GC MODE          Float (MSB 1st)  0,47902
07903 1EDFH STN01 GC INT 9026         CALIBRATING      Float (MSB 1st)  0,47904
07905 1EE1H STN01 GC INT 9026         ACTIVE ALM       Float (MSB 1st)  0,47906
07907 1EE3H STN01 GC INT 9026         UNACK ALARM      Float (MSB 1st)  0,47908
07909 1EE5H SDV VLV                   OUTPUT           Float (MSB 1st)  2,47910
07911 1EE7H SDV VLV                   INPUT            Float (MSB 1st)  0,47912
07913 1EE9H ESD BUTTON                INPUT            Float (MSB 1st)  1,47914
07915 1EEBH PT-12501-04               HIHILIM          Float (MSB 1st)  450.000000,47916
07917 1EEDH PT-12501-04               HILIM            Float (MSB 1st)  400.000000,47918
07919 1EEFH PT-12501-04               LOLIM            Float (MSB 1st)  60.000000,47920
07921 1EF1H PT-12501-04               LOLOLIM          Float (MSB 1st)  30.000000,47922
07923 1EF3H PT-12501-05               HIHILIM          Float (MSB 1st)  150.000000,47924
07925 1EF5H PT-12501-05               HILIM            Float (MSB 1st)  120.000000,47926
07927 1EF7H PT-12501-05               LOLIM            Float (MSB 1st)  50.000000,47928
07929 1EF9H PT-12501-05               LOLOLIM          Float (MSB 1st)  25.000000,47930
